{"cameraMode":{"drawMode":0,"name":"Shaded","section":"Shading Mode"},"sceneLighting":false,"audioPlay":false,"sceneViewState":{"m_AlwaysRefresh":false,"showFog":true,"showSkybox":false,"showFlares":true,"showImageEffects":true,"showParticleSystems":true,"showVisualEffectGraphs":true,"m_FxEnabled":true},"in2DMode":false,"pivot":{"x":147.0662841796875,"y":18.317535400390626,"z":34.275691986083987},"rotation":{"x":0.03392039239406586,"y":0.9099459052085877,"z":-0.10383161157369614,"w":0.42271459102630618},"size":8.747714042663575,"orthographic":false}