{"cameraMode":{"drawMode":0,"name":"Shaded","section":"Shading Mode"},"sceneLighting":false,"audioPlay":false,"sceneViewState":{"m_AlwaysRefresh":false,"showFog":true,"showSkybox":false,"showFlares":true,"showImageEffects":true,"showParticleSystems":true,"showVisualEffectGraphs":true,"m_FxEnabled":true},"in2DMode":false,"pivot":{"x":-48.922584533691409,"y":-33.468788146972659,"z":86.27117156982422},"rotation":{"x":0.03164033591747284,"y":-0.4277680516242981,"z":0.018303105607628824,"w":0.9073708653450012},"size":8.746857643127442,"orthographic":false}