{"cameraMode":{"drawMode":0,"name":"Shaded","section":"Shading Mode"},"sceneLighting":false,"audioPlay":false,"sceneViewState":{"m_AlwaysRefresh":false,"showFog":true,"showSkybox":false,"showFlares":true,"showImageEffects":true,"showParticleSystems":true,"showVisualEffectGraphs":true,"m_FxEnabled":true},"in2DMode":false,"pivot":{"x":145.28501892089845,"y":18.401912689208986,"z":5.082592487335205},"rotation":{"x":0.07657957822084427,"y":-0.47118133306503298,"z":0.016062939539551736,"w":0.8890727162361145},"size":8.747714042663575,"orthographic":false}