{"cameraMode":{"drawMode":0,"name":"Shaded","section":"Shading Mode"},"sceneLighting":false,"audioPlay":false,"sceneViewState":{"m_AlwaysRefresh":false,"showFog":true,"showSkybox":false,"showFlares":true,"showImageEffects":true,"showParticleSystems":true,"showVisualEffectGraphs":true,"m_FxEnabled":true},"in2DMode":false,"pivot":{"x":-52.129913330078128,"y":-34.479129791259769,"z":49.757179260253909},"rotation":{"x":0.023388607427477838,"y":-0.8107790350914002,"z":0.03547874093055725,"w":0.5903158187866211},"size":8.746854782104493,"orthographic":false}