{"cameraMode":{"drawMode":0,"name":"Shaded","section":"Shading Mode"},"sceneLighting":true,"audioPlay":false,"sceneViewState":{"m_AlwaysRefresh":false,"showFog":true,"showSkybox":false,"showFlares":true,"showImageEffects":true,"showParticleSystems":true,"showVisualEffectGraphs":true,"m_FxEnabled":true},"in2DMode":false,"pivot":{"x":212.39999389648438,"y":141.51161193847657,"z":-257.9497985839844},"rotation":{"x":0.037128500640392306,"y":-1.0048110485076905,"z":0.03762611746788025,"w":-0.0030013485811650755},"size":54.559600830078128,"orthographic":false}