{"cameraMode":{"drawMode":0,"name":"Shaded","section":"Shading Mode"},"sceneLighting":true,"audioPlay":false,"sceneViewState":{"m_AlwaysRefresh":false,"showFog":true,"showSkybox":false,"showFlares":true,"showImageEffects":true,"showParticleSystems":true,"showVisualEffectGraphs":true,"m_FxEnabled":true},"in2DMode":false,"pivot":{"x":147.25498962402345,"y":20.658580780029298,"z":-29.568889617919923},"rotation":{"x":-0.05158168822526932,"y":0.3798675835132599,"z":-0.021231327205896379,"w":-0.9233828186988831},"size":9.296578407287598,"orthographic":false}